{"AD":{"02":"02","03":"03","04":"04","05":"05","06":"06","07":"07","08":"08"},"AE":{"AJ":"02","AZ":"01","DU":"03","FU":"04","RK":"05","SH":"06","UQ":"07"},"AF":{"BAL":"30","BAM":"05","BDG":"02","BDS":"01","BGL":"03","DAY":"41","FRA":"06","FYB":"07","GHA":"08","GHO":"09","HEL":"10","HER":"11","JOW":"31","KAB":"13","KAN":"23","KAP":"14","KDZ":"24","KHO":"37","KNR":"34","LAG":"35","LOW":"17","NAN":"18","NIM":"19","NUR":"38","ORU":"39","PAN":"42","PAR":"40","PIA":"36","PKA":"29","SAM":"32","SAR":"33","TAK":"26","WAR":"27","ZAB":"28"},"AG":{"03":"03","04":"04","05":"05","06":"06","07":"07","08":"08","10":"01","11":"09"},"AL":{"01":"40","02":"42","03":"43","04":"44","05":"45","06":"46","07":"47","08":"48","09":"41","10":"49","11":"50","12":"51"},"AM":{"AG":"01","AR":"02","AV":"03","ER":"11","GR":"04","KT":"05","LO":"06","SH":"07","SU":"08","TV":"09","VD":"10"},"AO":{"BGO":"19","BGU":"01","BIE":"02","CAB":"03","CCU":"04","CNN":"07","CNO":"05","CUS":"06","HUA":"08","HUI":"09","LNO":"17","LSU":"18","LUA":"20","MAL":"12","MOX":"14","NAM":"13","UIG":"15","ZAI":"16"},"AR":{"A":"17","B":"01","C":"07","D":"19","E":"08","F":"12","G":"22","H":"03","J":"18","K":"02","L":"11","M":"13","N":"14","P":"09","Q":"15","R":"16","S":"21","T":"24","U":"04","V":"23","W":"06","X":"05","Y":"10","Z":"20"},"AS":{"E":"010","M":"020","R":"030","S":"040","W":"050"},"AT":{"1":"01","2":"02","3":"03","4":"04","5":"05","6":"06","7":"07","8":"08","9":"09"},"AU":{"ACT":"01","NSW":"02","NT":"03","QLD":"04","SA":"05","TAS":"06","VIC":"07","WA":"08"},"AZ":{"AB":"07","ABS":"01","AGA":"05","AGC":"02","AGM":"03","AGS":"04","AGU":"06","AST":"08","BA":"09","BAL":"10","BAR":"11","BEY":"12","BIL":"13","CAB":"14","CAL":"15","DAS":"16","DAV":"17","FUZ":"18","GA":"20","GAD":"19","GOR":"21","GOY":"22","HAC":"23","IMI":"24","ISM":"25","KAL":"26","KUR":"27","LA":"29","LAC":"28","LAN":"30","LER":"31","MAS":"32","MI":"33","NA":"34","NEF":"36","NV":"75","NX":"35","OGU":"37","QAB":"38","QAX":"39","QAZ":"40","QBA":"42","QBI":"43","QOB":"41","QUS":"44","SA":"47","SAB":"46","SAK":"48","SAL":"49","SAT":"45","SIY":"53","SKR":"51","SM":"54","SMI":"50","SMX":"52","SS":"55","SUS":"56","TAR":"57","TOV":"58","UCA":"59","XA":"61","XAC":"60","XAN":"62","XCI":"64","XIZ":"63","XVD":"65","YAR":"66","YE":"68","YEV":"67","ZAN":"69","ZAQ":"70","ZAR":"71"},"BA":{"BIH":"01","BRC":"03","SRP":"02"},"BB":{"01":"01","02":"02","03":"03","04":"04","05":"05","06":"06","07":"07","08":"08","09":"09","10":"10","11":"11"},"BD":{"A":"85","B":"84","C":"81","D":"82","E":"83","F":"87","G":"86"},"BE":{"BRU":"11","VLG":"13","WAL":"14"},"BF":{"01":"79","02":"80","03":"81","04":"82","05":"83","06":"84","07":"85","08":"86","09":"87","10":"88","11":"89","12":"90","13":"91"},"BG":{"01":"38","02":"39","03":"61","04":"62","05":"63","06":"64","07":"41","08":"40","09":"44","10":"45","11":"46","12":"47","13":"48","14":"49","15":"50","16":"51","17":"52","18":"53","19":"55","20":"56","21":"57","22":"42","23":"58","24":"59","25":"60","26":"43","27":"54","28":"65"},"BH":{"13":"16","14":"17","15":"15","16":"18","17":"19"},"BI":{"BB":"09","BL":"25","BM":"24","BR":"10","CA":"11","CI":"12","GI":"13","KI":"16","KR":"14","KY":"15","MA":"17","MU":"22","MW":"23","MY":"18","NG":"19","RM":"26","RT":"20","RY":"21"},"BJ":{"AK":"08","AL":"07","AQ":"09","BO":"10","CO":"11","DO":"13","KO":"12","LI":"14","MO":"15","OU":"16","PL":"17","ZO":"18"},"BM":{"DS":"01","GC":"06","HA":"02","HC":"03","PB":"05","PG":"04","SA":"08","SG":"07","SH":"10","SM":"09","WA":"11"},"BN":{"BE":"01","BM":"02","TE":"03","TU":"04"},"BO":{"B":"03","C":"02","H":"01","L":"04","N":"06","O":"05","P":"07","S":"08","T":"09"},"BR":{"AC":"01","AL":"02","AM":"04","AP":"03","BA":"05","CE":"06","DF":"07","ES":"08","GO":"29","MA":"13","MG":"15","MS":"11","MT":"14","PA":"16","PB":"17","PE":"30","PI":"20","PR":"18","RJ":"21","RN":"22","RO":"24","RR":"25","RS":"23","SC":"26","SE":"28","SP":"27","TO":"31"},"BS":{"AK":"24","BI":"05","BP":"36","BY":"32","CE":"39","CI":"06","CK":"40","CO":"27","CS":"38","EG":"41","EX":"10","FP":"25","GC":"42","HI":"22","HT":"43","IN":"13","LI":"15","MC":"44","MG":"16","MI":"45","NE":"48","NO":"46","NP":"23","NS":"47","RC":"49","RI":"18","SA":"51","SE":"52","SO":"50","SS":"35","SW":"53","WG":"54","FC":"26","GT":"28","HR":"29","KE":"30","MH":"31","RS":"33","SP":"34"},"BT":{"11":"13","12":"06","13":"10","14":"16","15":"20","21":"07","22":"08","23":"15","24":"22","31":"09","32":"21","33":"05","34":"18","41":"19","42":"12","43":"14","44":"11","45":"17","GA":"23","TY":"24"},"BW":{"CE":"01","GH":"03","KG":"04","KL":"05","KW":"06","NE":"08","NW":"11","SE":"09","SO":"10"},"BY":{"BR":"01","HM":"04","HO":"02","HR":"03","MA":"06","MI":"05","VI":"07"},"BZ":{"BZ":"01","CY":"02","CZL":"03","OW":"04","SC":"05","TOL":"06"},"CA":{"AB":"01","BC":"02","MB":"03","NB":"04","NL":"05","NS":"07","NT":"13","NU":"14","ON":"08","PE":"09","QC":"10","SK":"11","YT":"12"},"CD":{"BC":"08","BN":"01","EQ":"02","KA":"05","KE":"04","KN":"06","KW":"03","MA":"10","NK":"11","OR":"09","SK":"12"},"CF":{"AC":"12","BB":"01","BGF":"18","BK":"02","HK":"03","HM":"05","HS":"04","KB":"15","KG":"06","LB":"07","MB":"08","MP":"17","NM":"09","OP":"13","SE":"16","UK":"11","VK":"14"},"CG":{"11":"01","12":"11","13":"10","14":"08","15":"14","16":"15","2":"05","5":"04","7":"06","8":"13","9":"07","BZV":"12"},"CH":{"AG":"01","AI":"10","AR":"02","BE":"05","BL":"03","BS":"04","FR":"06","GE":"07","GL":"08","GR":"09","JU":"26","LU":"11","NE":"12","NW":"13","OW":"14","SG":"15","SH":"16","SO":"18","SZ":"17","TG":"19","TI":"20","UR":"21","VD":"23","VS":"22","ZG":"24","ZH":"25"},"CI":{"AB":"93","BS":"76","CM":"94","DN":"77","GD":"95","LC":"81","LG":"82","MG":"78","SM":"96","SV":"87","VB":"90","WR":"97","YM":"98","ZZ":"92","02":"80","05":"85","11":"86","12":"83","13":"89","14":"91","15":"88","16":"74","17":"75","18":"79","19":"84"},"CL":{"AI":"02","AN":"03","AP":"16","AR":"04","AT":"05","BI":"06","CO":"07","LI":"08","LL":"14","LR":"17","MA":"10","ML":"11","RM":"12","TA":"15","VS":"01"},"CM":{"AD":"10","CE":"11","EN":"12","ES":"04","LT":"05","NO":"13","NW":"07","OU":"08","SU":"14","SW":"09"},"CN":{"11":"22","12":"28","13":"10","14":"24","15":"20","21":"19","22":"05","23":"08","31":"23","32":"04","33":"02","34":"01","35":"07","36":"03","37":"25","41":"09","42":"12","43":"11","44":"30","45":"16","46":"31","50":"33","51":"32","52":"18","53":"29","54":"14","61":"26","62":"15","63":"06","64":"21","65":"13"},"CO":{"AMA":"01","ANT":"02","ARA":"03","ATL":"04","BOL":"35","BOY":"36","CAL":"37","CAQ":"08","CAS":"32","CAU":"09","CES":"10","CHO":"11","COR":"12","CUN":"33","DC":"34","GUA":"15","GUV":"14","HUI":"16","LAG":"17","MAG":"38","MET":"19","NAR":"20","NSA":"21","PUT":"22","QUI":"23","RIS":"24","SAN":"26","SAP":"25","SUC":"27","TOL":"28","VAC":"29","VAU":"30","VID":"31"},"CR":{"A":"01","C":"02","G":"03","H":"04","L":"06","P":"07","SJ":"08"},"CU":{"01":"01","03":"02","04":"03","05":"16","06":"08","07":"14","08":"07","09":"05","10":"13","11":"12","12":"09","13":"15","14":"10","15":"17","16":"18","99":"04","02":"11"},"CY":{"01":"04","02":"05","03":"03","04":"01","05":"06","06":"02"},"CZ":{"JC":"79","JM":"78","KA":"81","KR":"82","LI":"83","MO":"85","OL":"84","PA":"86","PL":"87","PR":"52","ST":"88","US":"89","VY":"80","ZL":"90"},"DE":{"BB":"11","BE":"16","BW":"01","BY":"02","HB":"03","HE":"05","HH":"04","MV":"12","NI":"06","NW":"07","RP":"08","SH":"10","SL":"09","SN":"13","ST":"14","TH":"15"},"DJ":{"AR":"08","AS":"01","DI":"06","DJ":"07","OB":"04","TA":"05"},"DK":{"81":"19","82":"18","83":"21","84":"17","85":"20"},"DM":{"02":"02","03":"03","04":"04","05":"05","06":"06","07":"07","08":"08","09":"09","10":"10","11":"11"},"DO":{"01":"34","02":"01","03":"02","04":"03","05":"04","06":"06","07":"11","08":"28","09":"08","10":"09","11":"10","12":"12","13":"30","14":"14","15":"15","16":"16","17":"35","18":"18","19":"19","20":"20","21":"33","22":"23","23":"24","24":"21","25":"25","26":"26","27":"27","28":"31","29":"32","30":"29","31":"36","32":"37"},"DZ":{"01":"34","02":"41","03":"25","04":"29","05":"03","06":"18","07":"19","08":"38","09":"20","10":"21","11":"53","12":"33","13":"15","14":"13","15":"14","16":"01","17":"22","18":"24","19":"12","20":"10","21":"31","22":"30","23":"37","24":"23","25":"04","26":"06","27":"07","28":"27","29":"26","30":"50","31":"09","32":"42","33":"46","34":"39","35":"40","36":"44","37":"54","38":"56","39":"43","40":"47","41":"52","42":"55","43":"48","44":"35","45":"49","46":"36","47":"45","48":"51"},"EC":{"A":"02","B":"03","C":"05","D":"24","E":"09","F":"04","G":"10","H":"06","I":"11","L":"12","M":"14","N":"23","O":"08","P":"18","R":"13","S":"15","SD":"26","SE":"25","T":"19","U":"22","W":"01","X":"07","Y":"17","Z":"20"},"EE":{"37":"01","39":"02","44":"03","49":"05","51":"04","57":"07","59":"08","65":"12","67":"11","70":"13","74":"14","78":"18","82":"19","84":"20","86":"21"},"EG":{"ALX":"06","ASN":"16","AST":"17","BA":"02","BH":"03","BNS":"18","C":"11","DK":"01","DT":"20","FYM":"04","GH":"05","GZ":"08","IS":"07","JS":"26","KB":"12","KFS":"21","KN":"23","LX":"28","MN":"10","MNF":"09","MT":"22","PTS":"19","SHG":"24","SHR":"14","SIN":"27","SUZ":"15","WAD":"13","HU":"30","SU":"29"},"ER":{"AN":"01","DK":"03","DU":"02","GB":"04","MA":"05","SK":"06"},"ES":{"AN":"51","AR":"52","AS":"34","CB":"39","CE":"61","CL":"55","CM":"54","CN":"53","CT":"56","EX":"57","GA":"58","IB":"07","MC":"31","MD":"29","ML":"62","NC":"32","PV":"59","RI":"27","VC":"60"},"ET":{"AA":"44","AF":"45","AM":"46","BE":"47","DD":"48","GA":"49","HA":"50","OR":"51","SN":"54","SO":"52","TI":"53"},"FI":{"01":"16","02":"17","03":"18","04":"19","05":"22","06":"20","07":"23","08":"24","09":"25","10":"26","11":"28","12":"29","13":"30","14":"31","15":"33","16":"27","17":"32","18":"35","19":"34","AL":"01","ES":"13","IS":"14","LL":"06","LS":"15","OL":"08"},"FJ":{"C":"01","E":"02","N":"03","R":"04","W":"05"},"FM":{"KSA":"01","PNI":"02","TRK":"03","YAP":"04"},"FR":{"E":"A2","F":"A3","H":"A5","J":"A8","R":"B5","U":"B8","A":"C1","B":"97","C":"98","D":"A1","G":"A4","I":"A6","K":"A9","L":"B1","M":"B2","N":"B3","O":"B4","P":"99","Q":"A7","S":"B6","T":"B7","V":"B9"},"GA":{"1":"01","2":"02","3":"03","4":"04","5":"05","6":"06","7":"07","8":"08","9":"09"},"GD":{"01":"01","02":"02","03":"03","04":"04","05":"05","06":"06"},"GE":{"AB":"02","AJ":"04","GU":"65","IM":"66","KA":"67","KK":"68","MM":"69","RL":"70","SJ":"72","SK":"73","SZ":"71","TB":"51"},"GH":{"AA":"01","AH":"02","BA":"03","CP":"04","EP":"05","NP":"06","TV":"08","UE":"10","UW":"11","WP":"09"},"GL":{"KU":"04","QA":"05","QE":"06","SM":"07"},"GM":{"B":"01","L":"02","M":"03","N":"07","U":"04","W":"05"},"GN":{"B":"40","C":"04","D":"43","F":"41","K":"42","L":"44","M":"45","N":"46"},"GR":{"69":"52","A":"53","B":"59","C":"56","D":"58","E":"64","F":"57","G":"55","H":"63","I":"54","J":"62","K":"65","L":"61","M":"60"},"GT":{"AV":"01","BV":"02","CM":"03","CQ":"04","ES":"06","GU":"07","HU":"08","IZ":"09","JA":"10","JU":"11","PE":"12","PR":"05","QC":"14","QZ":"13","RE":"15","SA":"16","SM":"17","SO":"19","SR":"18","SU":"20","TO":"21","ZA":"22"},"GY":{"BA":"10","CU":"11","DE":"12","EB":"13","ES":"14","MA":"15","PM":"16","PT":"17","UD":"18","UT":"19"},"HN":{"AT":"01","CH":"02","CL":"03","CM":"04","CP":"05","CR":"06","EP":"07","FM":"08","GD":"09","IB":"11","IN":"10","LE":"13","LP":"12","OC":"14","OL":"15","SB":"16","VA":"17","YO":"18"},"HR":{"01":"20","02":"07","03":"14","04":"05","05":"16","06":"06","07":"01","08":"12","09":"08","10":"17","11":"11","12":"02","13":"19","14":"10","15":"13","16":"18","17":"15","18":"04","19":"03","20":"09","21":"21"},"HT":{"AR":"06","CE":"07","GA":"14","ND":"09","NE":"10","NI":"15","NO":"03","OU":"11","SD":"12","SE":"13"},"HU":{"BA":"02","BC":"26","BE":"03","BK":"01","BU":"05","BZ":"04","CS":"06","DE":"07","DU":"27","EG":"43","ER":"28","FE":"08","GS":"09","GY":"25","HB":"10","HE":"11","HV":"29","JN":"20","KE":"12","KM":"31","KV":"30","MI":"13","NK":"32","NO":"14","NY":"33","PE":"16","PS":"15","SD":"19","SF":"35","SH":"37","SK":"36","SN":"34","SO":"17","SS":"42","ST":"41","SZ":"18","TB":"38","TO":"21","VA":"22","VE":"23","VM":"39","ZA":"24","ZE":"40"},"IL":{"D":"01","HA":"04","JM":"06","M":"02","TA":"05","Z":"03"},"IN":{"AN":"01","AP":"02","AR":"30","AS":"03","BR":"34","CH":"05","CT":"37","DD":"32","DL":"07","DN":"06","GA":"33","GJ":"09","HP":"11","HR":"10","JH":"38","JK":"12","KA":"19","KL":"13","LD":"14","MH":"16","ML":"18","MN":"17","MP":"35","MZ":"31","NL":"20","OR":"21","PB":"23","PY":"22","RJ":"24","SK":"29","TG":"40","TN":"25","TR":"26","UL":"39","UP":"36","WB":"28"},"IQ":{"AN":"01","AR":"11","BA":"02","BB":"06","BG":"07","DA":"08","DI":"10","DQ":"09","KA":"12","MA":"14","MU":"03","NA":"17","NI":"15","QA":"04","SD":"18","SU":"05","TS":"13","WA":"16"},"IR":{"01":"33","02":"01","03":"32","04":"28","05":"10","06":"22","07":"26","08":"03","10":"15","11":"36","12":"25","13":"04","14":"07","15":"29","16":"16","17":"13","18":"05","19":"08","20":"23","21":"35","22":"34","23":"11","24":"09","25":"40","26":"39","27":"37","28":"38","29":"41","30":"42","31":"43","32":"44","09":"30"},"IS":{"1":"39","2":"43","3":"45","4":"44","5":"41","6":"40","7":"38","8":"42"},"IT":{"21":"12","23":"19","25":"09","32":"17","34":"20","36":"06","42":"08","45":"05","52":"16","55":"18","57":"10","62":"07","65":"01","67":"11","72":"04","75":"13","77":"02","78":"03","82":"15","88":"14"},"JM":{"01":"17","02":"08","03":"14","04":"07","05":"13","06":"09","07":"15","08":"12","09":"02","10":"16","11":"11","12":"04","13":"01","14":"10"},"JO":{"AJ":"20","AM":"16","AQ":"21","AT":"12","AZ":"17","BA":"02","IR":"18","JA":"22","KA":"09","MA":"15","MD":"23","MN":"19"},"JP":{"01":"12","02":"03","03":"16","04":"24","05":"02","06":"44","07":"08","08":"14","09":"38","10":"10","11":"34","12":"04","13":"40","14":"19","15":"29","16":"42","17":"15","18":"06","19":"46","20":"26","21":"09","22":"37","23":"01","24":"23","25":"35","26":"22","27":"32","28":"13","29":"28","30":"43","31":"41","32":"36","33":"31","34":"11","35":"45","36":"39","37":"17","38":"05","39":"20","40":"07","41":"33","42":"27","43":"21","44":"30","45":"25","46":"18","47":"47"},"KE":{"01":"10","02":"11","03":"12","04":"13","05":"14","06":"15","07":"16","08":"17","09":"18","10":"19","11":"20","110":"05","12":"21","13":"22","14":"23","15":"24","16":"25","17":"26","18":"27","19":"28","20":"29","21":"30","22":"31","23":"32","24":"33","25":"34","26":"35","27":"36","28":"37","29":"38","31":"39","32":"40","33":"41","34":"42","35":"43","36":"44","37":"45","38":"46","39":"47","40":"48","41":"49","42":"50","43":"51","44":"52","45":"53","46":"54","47":"55","200":"01","300":"02","400":"03","500":"06","600":"07","700":"08","800":"09"},"KG":{"B":"09","C":"02","GB":"01","GO":"10","J":"03","N":"04","O":"08","T":"06","Y":"07"},"KH":{"1":"25","10":"09","11":"10","12":"22","13":"13","14":"14","15":"12","16":"23","17":"24","18":"28","19":"17","2":"29","20":"18","21":"19","22":"27","23":"26","24":"30","25":"31","3":"02","4":"03","5":"04","6":"05","7":"21","8":"07","9":"08"},"KI":{"G":"01","L":"02","P":"03"},"KM":{"A":"01","G":"02","M":"03"},"KP":{"01":"12","02":"15","03":"11","04":"01","05":"06","06":"07","07":"09","08":"03","09":"17","10":"13","13":"18"},"KR":{"11":"11","26":"10","27":"15","28":"12","29":"18","30":"19","31":"21","41":"13","42":"06","43":"05","44":"17","45":"03","46":"16","47":"14","48":"20","49":"01","50":"22"},"KW":{"AH":"04","FA":"07","HA":"08","JA":"05","KU":"02","MU":"09"},"KY":{"CR":"01","EA":"02","ML":"03","SK":"06","SP":"05","ST":"04","WD":"07","WN":"08"},"KZ":{"AKM":"03","AKT":"04","ALA":"02","ALM":"01","AST":"05","ATY":"06","BAY":"08","KAR":"12","KUS":"13","KZY":"14","MAN":"09","PAV":"11","SEV":"16","VOS":"15","YUZ":"10","ZAP":"07","ZHA":"17"},"LA":{"AT":"01","BK":"22","BL":"23","CH":"02","HO":"03","KH":"15","LM":"16","LP":"17","OU":"07","PH":"18","SL":"19","SV":"20","VI":"27","VT":"24","XA":"13","XE":"26","XI":"14","XN":"25"},"LB":{"AK":"10","AS":"09","BA":"04","BH":"11","BI":"08","JA":"06","JL":"05","NA":"07"},"LC":{"AR":"01","CA":"03","CH":"04","DA":"02","DE":"05","GI":"06","LA":"07","MI":"08","PR":"11","SO":"09","VF":"10"},"LI":{"01":"01","02":"02","03":"03","04":"04","05":"05","06":"06","07":"07","08":"08","09":"09","10":"10","11":"11"},"LK":{"1":"36","2":"29","3":"34","4":"38","5":"37","6":"32","7":"30","8":"35","9":"33"},"LR":{"BG":"01","BM":"15","CM":"12","GB":"11","GG":"19","GK":"16","GP":"21","LO":"20","MG":"17","MO":"14","MY":"13","NI":"09","RG":"22","RI":"18","SI":"10"},"LS":{"A":"14","B":"11","C":"12","D":"10","E":"13","F":"15","G":"18","H":"17","J":"16","K":"19"},"LT":{"AL":"56","KL":"58","KU":"57","MR":"59","PN":"60","SA":"61","TA":"62","TE":"63","UT":"64","VL":"65"},"LU":{"D":"01","G":"02","L":"03"},"LV":{"001":"35","002":"36","003":"37","004":"38","005":"39","006":"40","007":"41","008":"42","009":"43","010":"44","011":"34","012":"45","013":"46","014":"47","015":"48","016":"49","017":"50","018":"51","019":"52","020":"53","021":"55","022":"54","023":"56","024":"57","025":"58","026":"59","027":"60","028":"61","029":"62","030":"63","031":"64","032":"65","033":"66","034":"67","035":"68","036":"69","037":"70","038":"71","039":"72","040":"73","041":"76","042":"75","043":"77","044":"78","045":"81","046":"82","047":"83","048":"84","049":"85","050":"86","051":"79","052":"80","053":"87","054":"89","055":"88","056":"90","057":"91","058":"92","059":"93","060":"96","061":"94","062":"95","063":"F1","064":"97","065":"98","066":"99","067":"A1","068":"A2","069":"A3","070":"A4","071":"A5","072":"A6","073":"A7","074":"A8","075":"A9","076":"B1","077":"B2","078":"B3","079":"B4","080":"B5","081":"B6","082":"B7","083":"B9","084":"B8","085":"C2","086":"C1","087":"C3","088":"C4","089":"C5","090":"C6","091":"C7","092":"C8","093":"C9","094":"D1","095":"D2","096":"D3","097":"D4","098":"D5","099":"D6","100":"D7","101":"D8","102":"E1","103":"E2","104":"E3","105":"E4","106":"E5","107":"E6","108":"E7","109":"E8","110":"E9","DGV":"06","JEL":"11","JKB":"74","JUR":"13","LPX":"16","REZ":"23","RIX":"25","VEN":"32","VMR":"D9"},"LY":{"BA":"69","BU":"79","DR":"70","GT":"71","JA":"63","JG":"80","JI":"81","JU":"64","KF":"65","MB":"82","MI":"72","MJ":"66","MQ":"73","NL":"74","NQ":"67","SB":"75","SR":"76","TB":"77","WA":"83","WD":"84","WS":"78","ZA":"68"},"MA":{"01":"57","02":"52","03":"58","04":"54","05":"46","06":"48","07":"49","08":"45","09":"50","10":"51","11":"47","12":"56","13":"55","14":"53","15":"59"},"MD":{"AN":"59","BA":"60","BD":"62","BR":"63","BS":"61","CA":"64","CL":"66","CM":"68","CR":"69","CS":"67","CT":"65","CU":"57","DO":"70","DR":"71","DU":"72","ED":"73","FA":"74","FL":"75","GA":"51","GL":"76","HI":"77","IA":"78","LE":"79","NI":"80","OC":"81","OR":"82","RE":"83","RI":"84","SD":"86","SI":"85","SN":"58","SO":"87","ST":"89","SV":"88","TA":"90","TE":"91","UN":"92"},"ME":{"01":"01","02":"02","03":"03","04":"04","05":"05","06":"06","07":"07","08":"08","09":"09","10":"10","11":"11","12":"12","13":"13","14":"14","15":"15","16":"16","17":"17","18":"18","19":"19","20":"20","21":"21"},"MG":{"A":"04","D":"01","F":"02","M":"03","T":"05","U":"06"},"MK":{"01":"F3","02":"01","03":"04","04":"06","05":"08","06":"C7","07":"11","077":"D1","08":"12","09":"F4","10":"E9","11":"A9","12":"B3","13":"F1","14":"F2","15":"B6","16":"B7","17":"32","18":"33","19":"D4","20":"35","21":"D2","22":"F5","23":"22","24":"25","25":"D3","26":"E5","27":"28","28":"30","29":"29","30":"C3","31":"C1","32":"C2","33":"C6","34":"36","35":"D5","36":"D6","37":"40","38":"41","39":"44","40":"43","41":"47","42":"46","43":"51","44":"52","45":"53","46":"54","47":"D7","48":"59","49":"60","50":"E4","51":"62","52":"D8","53":"D9","54":"69","55":"E1","56":"72","57":"77","58":"E2","59":"79","60":"78","61":"80","62":"E3","63":"83","64":"84","65":"85","66":"86","67":"87","68":"90","69":"A4","70":"98","71":"E6","72":"E7","73":"A2","74":"A3","75":"A5","76":"E8","78":"18","79":"C8","80":"C9","81":"19","82":"20","83":"92","84":"97"},"ML":{"1":"03","2":"07","3":"06","4":"05","5":"04","6":"08","7":"09","8":"10","BKO":"01"},"MM":{"01":"10","02":"16","03":"15","04":"08","05":"12","06":"17","07":"03","11":"04","12":"06","13":"05","14":"02","15":"13","16":"01","17":"11","18":"18"},"MN":{"035":"25","037":"23","039":"11","041":"13","043":"12","046":"19","047":"18","049":"16","051":"17","053":"14","055":"15","057":"09","059":"08","061":"06","063":"07","064":"24","065":"10","067":"21","069":"02","071":"03","073":"01","1":"20"},"MP":{"N":"085","R":"100","S":"110","T":"120"},"MR":{"01":"01","02":"02","03":"03","04":"04","05":"05","06":"06","07":"07","08":"08","09":"09","10":"10","11":"11","12":"12","NKC":"13"},"MT":{"01":"01","02":"02","03":"03","04":"04","05":"05","06":"06","07":"07","08":"08","09":"09","10":"10","11":"16","12":"17","13":"11","14":"12","15":"13","16":"14","17":"15","18":"18","19":"19","20":"25","21":"26","22":"27","23":"28","24":"29","25":"30","26":"31","27":"32","28":"33","29":"20","30":"34","31":"21","32":"35","33":"22","34":"23","35":"24","36":"36","37":"37","38":"38","39":"39","40":"40","41":"41","42":"42","43":"43","44":"44","45":"46","46":"45","47":"47","48":"49","49":"48","50":"50","51":"52","52":"54","53":"51","54":"53","55":"55","56":"56","57":"57","58":"58","59":"59","60":"60","61":"61","62":"62","63":"63","64":"64","65":"66","66":"65","67":"67","68":"68"},"MU":{"AG":"21","BL":"12","CC":"22","FL":"13","GP":"14","MO":"15","PA":"16","PL":"18","PW":"17","RO":"23","RR":"19","SA":"20"},"MV":{"CE":"51","MLE":"40","NC":"53","NO":"54","SC":"52","SU":"48","UN":"50","US":"49"},"MX":{"AGU":"01","BCN":"02","BCS":"03","CAM":"04","CHH":"06","CHP":"05","COA":"07","COL":"08","DIF":"09","DUR":"10","GRO":"12","GUA":"11","HID":"13","JAL":"14","MEX":"15","MIC":"16","MOR":"17","NAY":"18","NLE":"19","OAX":"20","PUE":"21","QUE":"22","ROO":"23","SIN":"25","SLP":"24","SON":"26","TAB":"27","TAM":"28","TLA":"29","VER":"30","YUC":"31","ZAC":"32"},"MY":{"01":"01","02":"02","03":"03","04":"04","05":"05","06":"06","07":"09","08":"07","09":"08","10":"12","11":"13","12":"16","13":"11","14":"14","15":"15","16":"17"},"MZ":{"A":"07","B":"10","G":"02","I":"03","L":"04","MPM":"11","N":"06","P":"01","Q":"09","S":"05","T":"08"},"NA":{"CA":"28","ER":"29","HA":"30","KA":"31","KE":"40","KH":"21","KU":"32","KW":"41","OD":"39","OH":"35","ON":"37","OS":"36","OT":"38","OW":"33","OK":"34"},"NC":{"L":"01","N":"02","S":"03"},"NE":{"1":"01","2":"02","3":"03","4":"04","5":"06","6":"09","7":"07","8":"08"},"NG":{"AB":"45","AD":"35","AK":"21","AN":"25","BA":"46","BE":"26","BO":"27","BY":"52","CR":"22","DE":"36","EB":"53","ED":"37","EK":"54","EN":"47","FC":"11","GO":"55","IM":"28","JI":"39","KD":"23","KE":"40","KN":"29","KO":"41","KT":"24","KW":"30","LA":"05","NA":"56","NI":"31","OG":"16","ON":"48","OS":"42","OY":"32","PL":"49","RI":"50","SO":"51","TA":"43","YO":"44","ZA":"57"},"NI":{"AN":"17","AS":"18","BO":"01","CA":"02","CI":"03","CO":"04","ES":"05","GR":"06","JI":"07","LE":"08","MD":"09","MN":"10","MS":"11","MT":"12","NS":"13","RI":"15","SJ":"14"},"NL":{"DR":"01","FL":"16","FR":"02","GE":"03","GR":"04","LI":"05","NB":"06","NH":"07","OV":"15","UT":"09","ZE":"10","ZH":"11"},"NO":{"01":"13","02":"01","03":"12","04":"06","05":"11","06":"04","07":"20","08":"17","09":"02","10":"19","11":"14","12":"07","14":"15","15":"08","16":"16","17":"10","18":"09","19":"18","20":"05"},"NR":{"01":"01","02":"02","03":"03","04":"04","05":"05","06":"06","07":"07","08":"08","09":"09","10":"10","11":"11","12":"12","13":"13","14":"14"},"OM":{"BA":"02","BS":"11","BU":"10","DA":"01","MA":"06","MU":"07","SH":"04","SS":"12","WU":"03","ZA":"09","ZU":"08"},"PA":{"1":"01","2":"03","3":"04","4":"02","5":"05","6":"06","7":"07","8":"08","9":"10","EM":"11","KY":"09","NB":"12"},"PE":{"AMA":"01","ANC":"02","APU":"03","ARE":"04","AYA":"05","CAJ":"06","CAL":"07","CUS":"08","HUC":"10","HUV":"09","ICA":"11","JUN":"12","LAL":"13","LAM":"14","LIM":"15","LMA":"26","LOR":"16","MDD":"17","MOQ":"18","PAS":"19","PIU":"20","PUN":"21","SAM":"22","TAC":"23","TUM":"24","UCA":"25"},"PG":{"CPK":"08","CPM":"01","EBR":"10","EHG":"09","EPW":"19","ESW":"11","GPK":"02","HLA":"21","JWK":"22","MBA":"03","MPL":"14","MPM":"12","MRL":"13","NCD":"20","NIK":"15","NPP":"04","NSA":"07","SAN":"18","SHM":"05","WBK":"17","WHM":"16","WPD":"06"},"PK":{"BA":"02","IS":"08","JK":"06","NA":"07","NW":"03","PB":"04","SD":"05","TA":"01"},"PL":{"DS":"72","KP":"73","LB":"76","LD":"74","LU":"75","MA":"77","MZ":"78","OP":"79","PD":"81","PK":"80","PM":"82","SK":"84","SL":"83","WN":"85","WP":"86","ZP":"87"},"PT":{"01":"02","02":"03","03":"04","04":"05","05":"06","06":"07","07":"08","08":"09","09":"11","10":"13","11":"14","12":"16","13":"17","14":"18","15":"19","16":"20","17":"21","18":"22","20":"23","30":"10"},"PW":{"002":"01","004":"02","010":"03","050":"04","100":"05","150":"06","212":"07","214":"08","218":"09","222":"10","224":"11","226":"12","227":"13","228":"14","350":"15","370":"16"},"PY":{"1":"07","10":"01","11":"06","12":"13","13":"02","14":"19","15":"16","16":"23","19":"24","2":"17","3":"08","4":"10","5":"04","6":"05","7":"11","8":"12","9":"15","ASU":"22"},"QA":{"DA":"01","KH":"04","MS":"08","RA":"06","US":"09","WA":"10","ZA":"13"},"RO":{"AB":"01","AG":"03","AR":"02","B":"10","BC":"04","BH":"05","BN":"06","BR":"08","BT":"07","BV":"09","BZ":"11","CJ":"13","CL":"41","CS":"12","CT":"14","CV":"15","DB":"16","DJ":"17","GJ":"19","GL":"18","GR":"42","HD":"21","HR":"20","IF":"43","IL":"22","IS":"23","MH":"26","MM":"25","MS":"27","NT":"28","OT":"29","PH":"30","SB":"33","SJ":"31","SM":"32","SV":"34","TL":"37","TM":"36","TR":"35","VL":"39","VN":"40","VS":"38"},"RU":{"AD":"01","AL":"03","ALT":"04","AMU":"05","ARK":"06","AST":"07","BA":"08","BEL":"09","BRY":"10","BU":"11","CE":"12","CHE":"13","CHU":"15","CU":"16","DA":"17","IN":"19","IRK":"20","IVA":"21","KAM":"92","KB":"22","KC":"27","KDA":"38","KEM":"29","KGD":"23","KGN":"40","KHA":"30","KHM":"32","KIR":"33","KK":"31","KL":"24","KLU":"25","KO":"34","KOS":"37","KR":"28","KRS":"41","KYA":"91","LEN":"42","LIP":"43","MAG":"44","ME":"45","MO":"46","MOS":"47","MOW":"48","MUR":"49","NEN":"50","NGR":"52","NIZ":"51","NVS":"53","OMS":"54","ORE":"55","ORL":"56","PER":"90","PNZ":"57","PRI":"59","PSK":"60","ROS":"61","RYA":"62","SA":"63","SAK":"64","SAM":"65","SAR":"67","SE":"68","SMO":"69","SPE":"66","STA":"70","SVE":"71","TA":"73","TAM":"72","TOM":"75","TUL":"76","TVE":"77","TY":"79","TYU":"78","UD":"80","ULY":"81","VGG":"84","VLA":"83","VLG":"85","VOR":"86","YAN":"87","YAR":"88","YEV":"89","ZAB":"93"},"RW":{"01":"12","02":"11","03":"13","04":"14","05":"15"},"SA":{"01":"10","02":"14","03":"05","04":"06","05":"08","06":"13","07":"19","08":"15","09":"17","10":"16","11":"02","12":"20","14":"11"},"SB":{"CE":"10","CH":"12","CT":"14","GU":"06","IS":"07","MK":"08","ML":"03","RB":"13","TE":"09","WE":"11"},"SC":{"01":"01","02":"02","03":"03","04":"28","05":"05","06":"06","07":"07","08":"08","09":"09","10":"10","11":"11","12":"12","13":"24","14":"14","15":"25","16":"26","17":"17","18":"18","19":"19","20":"20","21":"27","22":"22","23":"23","24":"29","25":"30"},"SD":{"DC":"61","DE":"60","DN":"55","DS":"49","DW":"47","GD":"39","GK":"62","GZ":"38","KA":"52","KH":"29","KN":"56","KS":"50","NB":"42","NO":"43","NR":"53","NW":"41","RS":"36","SI":"58"},"SE":{"AB":"26","AC":"23","BD":"14","C":"21","D":"18","E":"16","F":"08","G":"12","H":"09","I":"05","K":"02","M":"27","N":"06","O":"28","S":"22","T":"15","U":"25","W":"10","X":"03","Y":"24","Z":"07"},"SH":{"AC":"01","HL":"02","TA":"03"},"SI":{"001":"01","002":"02","003":"03","004":"04","005":"05","006":"06","007":"07","008":"09","009":"08","010":"M6","011":"11","012":"12","013":"13","014":"14","015":"15","016":"16","017":"17","018":"G1","019":"19","020":"20","021":"G4","022":"22","023":"G7","024":"24","025":"25","026":"26","027":"27","028":"28","029":"29","030":"30","031":"31","032":"32","033":"L4","034":"34","035":"35","036":"36","037":"37","038":"38","039":"39","040":"40","041":"H4","042":"42","043":"H6","044":"44","045":"45","046":"46","047":"47","048":"H7","049":"49","050":"50","051":"51","052":"52","053":"53","054":"54","055":"55","056":"I2","057":"57","058":"I3","059":"I4","060":"I5","061":"61","062":"62","063":"I6","064":"64","065":"I7","066":"66","067":"I9","068":"68","069":"J1","070":"J2","071":"71","072":"72","073":"73","074":"74","075":"J5","076":"76","077":"77","078":"78","079":"79","080":"80","081":"81","082":"82","083":"83","084":"84","085":"J7","086":"86","087":"87","088":"88","089":"89","090":"J9","091":"91","092":"92","093":"K2","094":"94","095":"K5","096":"K7","097":"97","098":"98","099":"99","100":"A1","101":"A2","102":"A3","103":"K8","104":"L1","105":"A6","106":"A7","107":"A8","108":"L3","109":"B1","110":"B6","111":"B7","112":"C2","113":"L8","114":"C4","116":"D1","117":"B2","118":"B3","119":"B4","120":"L7","121":"B8","122":"B9","123":"C1","124":"C5","125":"C6","126":"C7","127":"C9","128":"D2","129":"D3","130":"D4","131":"D5","132":"D6","133":"D7","134":"D8","135":"N2","136":"E1","137":"E2","138":"E3","139":"N3","140":"E5","141":"E6","142":"E7","143":"E9","144":"F3","146":"F1","147":"F2","148":"F4","149":"F5","150":"F6","151":"F7","152":"F8","153":"F9","154":"G2","155":"G3","156":"G5","157":"G6","158":"G8","159":"G9","160":"H1","161":"H2","162":"H3","163":"H5","164":"H8","165":"H9","166":"I1","167":"I8","168":"J3","169":"J4","170":"J6","171":"J8","172":"K1","173":"K3","174":"K4","175":"K6","176":"K9","177":"L2","178":"L5","179":"M1","180":"M2","181":"M3","182":"M4","183":"L6","184":"M5","185":"M7","186":"M8","187":"M9","188":"N1","189":"N4","190":"N5","191":"N6","192":"N7","193":"N8","194":"L9","195":"N9","196":"O1","197":"O3","198":"O5","199":"O7","200":"O8","201":"P1","202":"P4","203":"P5","204":"P6","205":"P8","206":"P3","207":"O2","208":"O4","209":"O9","210":"P7","211":"P2","215":"C8"},"SK":{"BC":"01","BL":"02","KI":"03","NI":"04","PV":"05","TA":"07","TC":"06","ZI":"08"},"SL":{"E":"01","N":"02","S":"03","W":"04"},"SM":{"01":"01","02":"02","03":"03","04":"04","05":"05","06":"06","07":"07","08":"08","09":"09"},"SN":{"DB":"03","DK":"01","FK":"09","KA":"16","KD":"11","KE":"17","KL":"10","LG":"13","MT":"15","SE":"18","SL":"14","TC":"05","TH":"07","ZG":"12"},"SO":{"AW":"21","BK":"01","BN":"02","BR":"03","BY":"04","GA":"05","GE":"06","HI":"07","JD":"08","JH":"09","MU":"10","NU":"18","SA":"12","SD":"13","SH":"14","SO":"22","TO":"19","WO":"20"},"SR":{"BR":"10","CM":"11","CR":"12","MA":"13","NI":"14","PM":"16","PR":"15","SA":"17","SI":"18","WA":"19"},"SS":{"BN":"05","BW":"09","EC":"01","EE":"02","EW":"10","JG":"03","LK":"04","NU":"07","UY":"06","WR":"08"},"ST":{"P":"01","S":"02"},"SV":{"AH":"01","CA":"02","CH":"03","CU":"04","LI":"05","MO":"08","PA":"06","SA":"11","SM":"09","SO":"13","SS":"10","SV":"12","UN":"07","US":"14"},"SY":{"DI":"13","DR":"06","DY":"07","HA":"01","HI":"11","HL":"09","HM":"10","ID":"12","LA":"02","QU":"03","RA":"04","RD":"08","SU":"05","TA":"14"},"SZ":{"HH":"01","LU":"02","MA":"03","SH":"04"},"TD":{"BA":"01","BG":"22","BO":"23","CB":"15","EN":"24","GR":"05","HL":"18","KA":"06","LC":"07","LO":"08","LR":"09","MA":"19","MC":"17","ME":"16","MO":"20","ND":"21","OD":"12","SA":"13","SI":"25","TA":"14","TI":"26","WF":"02"},"TG":{"C":"22","K":"23","M":"24","P":"25","S":"26"},"TH":{"10":"40","11":"42","12":"38","13":"39","14":"36","15":"35","16":"34","17":"33","18":"32","19":"37","20":"46","21":"47","22":"48","23":"49","24":"44","25":"74","26":"43","27":"80","30":"27","31":"28","32":"29","33":"30","34":"75","35":"72","36":"26","37":"77","38":"81","39":"79","40":"22","41":"76","42":"18","43":"17","44":"24","45":"25","46":"23","47":"20","48":"73","49":"78","50":"02","51":"05","52":"06","53":"10","54":"07","55":"04","56":"41","57":"03","58":"01","60":"16","61":"15","62":"11","63":"08","64":"09","65":"12","66":"13","67":"14","70":"52","71":"50","72":"51","73":"53","74":"55","75":"54","76":"56","77":"57","80":"64","81":"63","82":"61","83":"62","84":"60","85":"59","86":"58","90":"68","91":"67","92":"65","93":"66","94":"69","95":"70","96":"31"},"TJ":{"GB":"01","KT":"02","SU":"03"},"TL":{"AL":"01","AN":"02","BA":"03","BO":"04","CO":"05","DI":"06","ER":"07","LA":"08","LI":"09","MF":"11","MT":"10","OE":"12","VI":"13"},"TM":{"A":"01","B":"02","D":"03","L":"04","M":"05"},"TN":{"11":"36","12":"38","13":"27","14":"39","21":"19","22":"37","23":"18","31":"17","32":"06","33":"14","34":"22","41":"03","42":"02","43":"33","51":"23","52":"16","53":"15","61":"32","71":"30","72":"35","73":"31","81":"29","82":"28","83":"34"},"TO":{"01":"04","02":"01","03":"05","04":"02","05":"03"},"TR":{"01":"81","02":"02","03":"03","04":"04","05":"05","06":"68","07":"07","08":"08","09":"09","10":"10","11":"11","12":"12","13":"13","14":"14","15":"15","16":"16","17":"17","18":"82","19":"19","20":"20","21":"21","22":"22","23":"23","24":"24","25":"25","26":"26","27":"83","28":"28","29":"69","30":"70","31":"31","32":"33","33":"32","34":"34","35":"35","36":"84","37":"37","38":"38","39":"39","40":"40","41":"41","42":"71","43":"43","44":"44","45":"45","46":"46","47":"72","48":"48","49":"49","50":"50","51":"73","52":"52","53":"53","54":"54","55":"55","56":"74","57":"57","58":"58","59":"59","60":"60","61":"61","62":"62","63":"63","64":"64","65":"65","66":"66","67":"85","68":"75","69":"77","70":"78","71":"79","72":"76","73":"80","74":"87","75":"86","76":"88","77":"92","78":"89","79":"90","80":"91","81":"93"},"TT":{"ARI":"01","CHA":"13","CTT":"14","DMN":"15","PED":"17","POS":"05","PRT":"19","PTF":"18","RCM":"16","SFO":"10","SGE":"21","SIP":"22","SJL":"20","TUP":"23","WTO":"11"},"TV":{"FUN":"01","NIT":"04","NKF":"06","NKL":"07","NMA":"03","NMG":"02","NUI":"05","VAI":"08"},"TZ":{"01":"26","02":"23","03":"03","04":"04","05":"19","06":"13","07":"22","08":"05","09":"06","10":"20","11":"21","12":"07","13":"08","14":"09","15":"25","16":"10","17":"11","18":"12","19":"02","20":"24","21":"14","22":"15","23":"16","24":"17","25":"18","26":"27","27":"28","28":"29","29":"30","30":"31"},"UA":{"05":"23","07":"24","09":"14","12":"04","14":"05","18":"27","21":"25","23":"26","26":"06","30":"12","32":"13","35":"10","40":"20","43":"11","46":"15","48":"16","51":"17","53":"18","56":"19","59":"21","61":"22","63":"07","65":"08","68":"09","71":"01","74":"02","77":"03"},"UM":{"67":"200","71":"300","76":"350","79":"450","81":"050","84":"100","86":"150","89":"250","95":"400"},"US":{"AK":"02","AL":"01","AR":"05","AS":"60","AZ":"04","CA":"06","CO":"08","CT":"09","DC":"11","DE":"10","FL":"12","GA":"13","GU":"66","HI":"15","IA":"19","ID":"16","IL":"17","IN":"18","KS":"20","KY":"21","LA":"22","MA":"25","MD":"24","ME":"23","MI":"26","MN":"27","MO":"29","MP":"69","MS":"28","MT":"30","NC":"37","ND":"38","NE":"31","NH":"33","NJ":"34","NM":"35","NV":"32","NY":"36","OH":"39","OK":"40","OR":"41","PA":"42","PR":"72","RI":"44","SC":"45","SD":"46","TN":"47","TX":"48","UT":"49","VA":"51","VI":"78","VT":"50","WA":"53","WI":"55","WV":"54","WY":"56"},"UY":{"AR":"01","CA":"02","CL":"03","CO":"04","DU":"05","FD":"07","FS":"06","LA":"08","MA":"09","MO":"10","PA":"11","RN":"12","RO":"14","RV":"13","SA":"15","SJ":"16","SO":"17","TA":"18","TT":"19"},"UZ":{"AN":"01","BU":"02","FA":"03","JI":"15","NG":"06","NW":"07","QA":"08","QR":"09","SA":"10","SI":"16","SU":"12","TK":"13","TO":"14","XO":"05"},"VC":{"01":"01","02":"02","03":"03","04":"04","05":"05","06":"06"},"VE":{"A":"25","B":"02","C":"03","D":"04","E":"05","F":"06","G":"07","H":"08","I":"11","J":"12","K":"13","L":"14","M":"15","N":"16","O":"17","P":"18","R":"19","S":"20","T":"21","U":"22","V":"23","W":"24","X":"26","Y":"09","Z":"01"},"VI":{"C":"010","J":"020","T":"030"},"VN":{"01":"89","02":"90","03":"50","04":"05","05":"32","06":"70","07":"68","09":"39","13":"30","14":"53","18":"59","20":"35","21":"34","22":"58","23":"52","24":"62","25":"64","26":"66","27":"84","28":"55","29":"63","30":"49","31":"46","32":"61","33":"88","34":"54","35":"23","36":"60","37":"33","39":"43","40":"47","41":"24","43":"45","44":"01","45":"09","46":"37","47":"21","48":"87","49":"69","50":"03","51":"67","52":"65","53":"72","54":"71","55":"73","56":"74","57":"75","58":"76","59":"77","60":"78","61":"79","62":"13","63":"80","64":"44","65":"20","66":"81","67":"82","68":"83","69":"85","70":"86","71":"92","72":"91","73":"93","15":"51"},"VU":{"MAP":"16","PAM":"17","SAM":"13","SEE":"18","TAE":"15","TOB":"07"},"WS":{"AA":"01","AL":"02","AT":"03","FA":"04","GE":"05","GI":"07","PA":"08","SA":"09","TU":"10","VF":"06","VS":"11"},"YE":{"AB":"01","AD":"02","AM":"19","BA":"20","DA":"18","DH":"11","HD":"04","HJ":"22","HU":"08","IB":"23","JA":"21","LA":"24","MA":"14","MR":"03","MW":"10","RA":"27","SA":"26","SD":"15","SH":"05","SN":"16","SU":"28","TA":"25"},"ZA":{"EC":"05","FS":"03","GP":"06","LP":"09","MP":"07","NC":"08","NW":"10","WC":"11","ZN":"02"},"ZM":{"01":"01","02":"02","03":"03","04":"04","05":"05","06":"06","07":"07","08":"08","09":"09","10":"10"},"ZW":{"BU":"09","HA":"10","MA":"01","MC":"03","ME":"04","MI":"02","MN":"06","MS":"07","MV":"08","MW":"05"}}